Product Key,Product Code,EnglishProductSubcategoryName,SizeUnitMeasureCode,EnglishProductName,Standard Cost,Color,Sensitive
1,AR-5381,Internal Parts,NULL,Adjustable Race,NULL,NA,
2,BA-8327,INTERNAL PARTS,NULL,Bearing Ball,NULL,NA,
3,BE-2349,INTERNAL PARTS,NULL,BB Ball Bearing,NULL,NA,
4,BE-2908,INTERNAL PARTS,NULL,Headset Ball Bearings,NULL,NA,
5,BL-2036,Internal Parts,NULL,Blade,NULL,NA,
6,CA-5965,Internal Parts,NULL,LL Crankarm,NULL,Black,
7,CA-6738,Internal Parts,NULL,ML Crankarm,NULL,Black,
8,CA-7457,Internal Parts,NULL,HL Crankarm,NULL,Black,
9,CB-2903,Internal Parts,NULL,Chainring Bolts,NULL,Silver,
10,CN-6137,Internal Parts,NULL,Chainring Nut,NULL,Silver,
11,CR-7833,Internal Parts,NULL,Chainring,NULL,Black,
12,CR-9981,Internal Parts,NULL,Crown Race,NULL,NA,
13,CS-2812,Internal Parts,NULL,Chain Stays,NULL,NA,
14,DC-8732,Internal Parts,NULL,Decal 1,NULL,NA,
15,DC-9824,Internal Parts,NULL,Decal 2,NULL,NA,
16,DT-2377,Internal Parts,NULL,Down Tube,NULL,NA,
17,EC-M092,Internal Parts,NULL,Mountain End Caps,NULL,NA,
18,EC-R098,Internal Parts,NULL,Road End Caps,NULL,NA,
19,EC-T209,Internal Parts,NULL,Touring End Caps,NULL,NA,
20,FE-3760,Internal Parts,NULL,Fork End,NULL,NA,
21,FH-2981,Internal Parts,NULL,Freewheel,NULL,Silver,
22,FW-1000,Internal Parts,NULL,Flat Washer 1,NULL,NA,
23,FW-1200,Internal Parts,NULL,Flat Washer 6,NULL,NA,
24,FW-1400,Internal Parts,NULL,Flat Washer 2,NULL,NA,
25,FW-3400,Internal Parts,NULL,Flat Washer 9,NULL,NA,
26,FW-3800,Internal Parts,NULL,Flat Washer 4,NULL,NA,
27,FW-5160,Internal Parts,NULL,Flat Washer 3,NULL,NA,
28,FW-5800,Internal Parts,NULL,Flat Washer 8,NULL,NA,
29,FW-7160,Internal Parts,NULL,Flat Washer 5,NULL,NA,
30,FW-9160,Internal Parts,NULL,Flat Washer 7,NULL,NA,
31,FC-3654,Internal Parts,NULL,Fork Crown,NULL,NA,
32,FC-3982,Internal Parts,NULL,Front Derailleur Cage,NULL,Silver,
33,FL-2301,Internal Parts,NULL,Front Derailleur Linkage,NULL,Silver,
34,GP-0982,Internal Parts,NULL,Guide Pulley,NULL,NA,
35,GT-0820,Internal Parts,NULL,LL Grip Tape,NULL,NA,
36,GT-1209,Internal Parts,NULL,ML Grip Tape,NULL,NA,
37,GT-2908,Internal Parts,NULL,HL Grip Tape,NULL,NA,
38,HJ-1213,Internal Parts,NULL,Thin-Jam Hex Nut 9,NULL,NA,
39,HJ-1220,Internal Parts,NULL,Thin-Jam Hex Nut 10,NULL,NA,
40,HJ-1420,Internal Parts,NULL,Thin-Jam Hex Nut 1,NULL,NA,
41,HJ-1428,Internal Parts,NULL,Thin-Jam Hex Nut 2,NULL,NA,
42,HJ-3410,Internal Parts,NULL,Thin-Jam Hex Nut 15,NULL,NA,
43,HJ-3416,Internal Parts,NULL,Thin-Jam Hex Nut 16,NULL,NA,
44,HJ-3816,Internal Parts,NULL,Thin-Jam Hex Nut 5,NULL,NA,
45,HJ-3824,Internal Parts,NULL,Thin-Jam Hex Nut 6,NULL,NA,
46,HJ-5161,Internal Parts,NULL,Thin-Jam Hex Nut 3,NULL,NA,
47,HJ-5162,Internal Parts,NULL,Thin-Jam Hex Nut 4,NULL,NA,
48,HJ-5811,Internal Parts,NULL,Thin-Jam Hex Nut 13,NULL,NA,
49,HJ-5818,Internal Parts,NULL,Thin-Jam Hex Nut 14,NULL,NA,
50,HJ-7161,Internal Parts,NULL,Thin-Jam Hex Nut 7,NULL,NA,
51,HJ-7162,Internal Parts,NULL,Thin-Jam Hex Nut 8,NULL,NA,
52,HJ-9080,Internal Parts,NULL,Thin-Jam Hex Nut 12,NULL,NA,
53,HJ-9161,Internal Parts,NULL,Thin-Jam Hex Nut 11,NULL,NA,
54,HN-1024,Internal Parts,NULL,Hex Nut 5,NULL,NA,
55,HN-1032,Internal Parts,NULL,Hex Nut 6,NULL,NA,
56,HN-1213,Internal Parts,NULL,Hex Nut 16,NULL,NA,
57,HN-1220,Internal Parts,NULL,Hex Nut 17,NULL,NA,
58,HN-1224,Internal Parts,NULL,Hex Nut 7,NULL,NA,
59,HN-1420,Internal Parts,NULL,Hex Nut 8,NULL,NA,
60,HN-1428,Internal Parts,NULL,Hex Nut 9,NULL,NA,
61,HN-3410,Internal Parts,NULL,Hex Nut 22,NULL,NA,
62,HN-3416,Internal Parts,NULL,Hex Nut 23,NULL,NA,
63,HN-3816,Internal Parts,NULL,Hex Nut 12,NULL,NA,
64,HN-3824,Internal Parts,NULL,Hex Nut 13,NULL,NA,
65,HN-4402,Internal Parts,NULL,Hex Nut 1,NULL,NA,
66,HN-5161,Internal Parts,NULL,Hex Nut 10,NULL,NA,
67,HN-5162,Internal Parts,NULL,Hex Nut 11,NULL,NA,
68,HN-5400,Internal Parts,NULL,Hex Nut 2,NULL,NA,
69,HN-5811,Internal Parts,NULL,Hex Nut 20,NULL,NA,
70,HN-5818,Internal Parts,NULL,Hex Nut 21,NULL,NA,
71,HN-6320,Internal Parts,NULL,Hex Nut 3,NULL,NA,
72,HN-7161,Internal Parts,NULL,Hex Nut 14,NULL,NA,
73,HN-7162,Internal Parts,NULL,Hex Nut 15,NULL,NA,
74,HN-8320,Internal Parts,NULL,Hex Nut 4,NULL,NA,
75,HN-9161,Internal Parts,NULL,Hex Nut 18,NULL,NA,
76,HN-9168,Internal Parts,NULL,Hex Nut 19,NULL,NA,
77,HT-2981,Internal Parts,NULL,Handlebar Tube,NULL,NA,
78,HT-8019,Internal Parts,NULL,Head Tube,NULL,NA,
79,HU-6280,Internal Parts,NULL,LL Hub,NULL,NA,
80,HU-8998,Internal Parts,NULL,HL Hub,NULL,NA,
81,KW-4091,Internal Parts,NULL,Keyed Washer,NULL,NA,
82,LE-1000,Internal Parts,NULL,External Lock Washer 3,NULL,NA,
83,LE-1200,Internal Parts,NULL,External Lock Washer 4,NULL,NA,
84,LE-1201,Internal Parts,NULL,External Lock Washer 9,NULL,NA,
85,LE-1400,Internal Parts,NULL,External Lock Washer 5,NULL,NA,
86,LE-3800,Internal Parts,NULL,External Lock Washer 7,NULL,NA,
87,LE-5160,Internal Parts,NULL,External Lock Washer 6,NULL,NA,
88,LE-6000,Internal Parts,NULL,External Lock Washer 1,NULL,NA,
89,LE-7160,Internal Parts,NULL,External Lock Washer 8,NULL,NA,
90,LE-8000,Internal Parts,NULL,External Lock Washer 2,NULL,NA,
91,LI-1000,Internal Parts,NULL,Internal Lock Washer 3,NULL,NA,
92,LI-1200,Internal Parts,NULL,Internal Lock Washer 4,NULL,NA,
93,LI-1201,Internal Parts,NULL,Internal Lock Washer 9,NULL,NA,
94,LI-1400,Internal Parts,NULL,Internal Lock Washer 5,NULL,NA,
95,LI-3800,Internal Parts,NULL,Internal Lock Washer 7,NULL,NA,
96,LI-5160,Internal Parts,NULL,Internal Lock Washer 6,NULL,NA,
97,LI-5800,Internal Parts,NULL,Internal Lock Washer 10,NULL,NA,
98,LI-6000,Internal Parts,NULL,Internal Lock Washer 1,NULL,NA,
99,LI-7160,Internal Parts,NULL,Internal Lock Washer 8,NULL,NA,
100,LI-8000,Internal Parts,NULL,Internal Lock Washer 2,NULL,NA,
101,LJ-1213,Internal Parts,NULL,Thin-Jam Lock Nut 9,NULL,NA,
102,LJ-1220,Internal Parts,NULL,Thin-Jam Lock Nut 10,NULL,NA,
103,LJ-1420,Internal Parts,NULL,Thin-Jam Lock Nut 1,NULL,NA,
104,LJ-1428,Internal Parts,NULL,Thin-Jam Lock Nut 2,NULL,NA,
105,LJ-3410,Internal Parts,NULL,Thin-Jam Lock Nut 15,NULL,NA,
106,LJ-3416,Internal Parts,NULL,Thin-Jam Lock Nut 16,NULL,NA,
107,LJ-3816,Internal Parts,NULL,Thin-Jam Lock Nut 5,NULL,NA,
108,LJ-3824,Internal Parts,NULL,Thin-Jam Lock Nut 6,NULL,NA,
109,LJ-5161,Internal Parts,NULL,Thin-Jam Lock Nut 3,NULL,NA,
110,LJ-5162,Internal Parts,NULL,Thin-Jam Lock Nut 4,NULL,NA,
111,LJ-5811,Internal Parts,NULL,Thin-Jam Lock Nut 13,NULL,NA,
112,LJ-5818,Internal Parts,NULL,Thin-Jam Lock Nut 14,NULL,NA,
113,LJ-7161,Internal Parts,NULL,Thin-Jam Lock Nut 7,NULL,NA,
114,LJ-7162,Internal Parts,NULL,Thin-Jam Lock Nut 8,NULL,NA,
115,LJ-9080,Internal Parts,NULL,Thin-Jam Lock Nut 12,NULL,NA,
116,LJ-9161,Internal Parts,NULL,Thin-Jam Lock Nut 11,NULL,NA,
117,LN-1024,Internal Parts,NULL,Lock Nut 5,NULL,NA,
118,LN-1032,Internal Parts,NULL,Lock Nut 6,NULL,NA,
119,LN-1213,Internal Parts,NULL,Lock Nut 16,NULL,NA,
120,LN-1220,Internal Parts,NULL,Lock Nut 17,NULL,NA,
121,LN-1224,Internal Parts,NULL,Lock Nut 7,NULL,NA,
122,LN-1420,Internal Parts,NULL,Lock Nut 8,NULL,NA,
123,LN-1428,Internal Parts,NULL,Lock Nut 9,NULL,NA,
124,LN-3410,Internal Parts,NULL,Lock Nut 22,NULL,NA,
125,LN-3416,Internal Parts,NULL,Lock Nut 23,NULL,NA,
126,LN-3816,Internal Parts,NULL,Lock Nut 12,NULL,NA,
127,LN-3824,Internal Parts,NULL,Lock Nut 13,NULL,NA,
128,LN-4400,Internal Parts,NULL,Lock Nut 1,NULL,NA,
129,LN-5161,Internal Parts,NULL,Lock Nut 10,NULL,NA,
130,LN-5162,Internal Parts,NULL,Lock Nut 11,NULL,NA,
131,LN-5400,Internal Parts,NULL,Lock Nut 2,NULL,NA,
132,LN-5811,Internal Parts,NULL,Lock Nut 20,NULL,NA,
133,LN-5818,Internal Parts,NULL,Lock Nut 21,NULL,NA,
134,LN-6320,Internal Parts,NULL,Lock Nut 3,NULL,NA,
135,LN-7161,Internal Parts,NULL,Lock Nut 14,NULL,NA,
136,LN-7162,Internal Parts,NULL,Lock Nut 15,NULL,NA,
137,LN-8320,Internal Parts,NULL,Lock Nut 4,NULL,NA,
138,LN-9080,Internal Parts,NULL,Lock Nut 19,NULL,NA,
139,LN-9161,Internal Parts,NULL,Lock Nut 18,NULL,NA,
140,LR-2398,Internal Parts,NULL,Lock Ring,NULL,Silver,
141,LR-8520,Internal Parts,NULL,Lower Head Race,NULL,NA,
142,LW-1000,Internal Parts,NULL,Lock Washer 4,NULL,NA,
143,LW-1200,Internal Parts,NULL,Lock Washer 5,NULL,NA,
144,LW-1201,Internal Parts,NULL,Lock Washer 10,NULL,NA,
145,LW-1400,Internal Parts,NULL,Lock Washer 6,NULL,NA,
146,LW-3400,Internal Parts,NULL,Lock Washer 13,NULL,NA,
147,LW-3800,Internal Parts,NULL,Lock Washer 8,NULL,NA,
148,LW-4000,Internal Parts,NULL,Lock Washer 1,NULL,NA,
149,LW-5160,Internal Parts,NULL,Lock Washer 7,NULL,NA,
150,LW-5800,Internal Parts,NULL,Lock Washer 12,NULL,NA,
151,LW-6000,Internal Parts,NULL,Lock Washer 2,NULL,NA,
152,LW-7160,Internal Parts,NULL,Lock Washer 9,NULL,NA,
153,LW-8000,Internal Parts,NULL,Lock Washer 3,NULL,NA,
154,LW-9160,Internal Parts,NULL,Lock Washer 11,NULL,NA,
155,MA-7075,Internal Parts,NULL,Metal Angle,NULL,NA,
156,MB-2024,Internal Parts,NULL,Metal Bar 1,NULL,NA,
157,MB-6061,Internal Parts,NULL,Metal Bar 2,NULL,NA,
158,MP-2066,Internal Parts,NULL,Metal Plate 2,NULL,NA,
159,MP-2503,Internal Parts,NULL,Metal Plate 1,NULL,NA,
160,MP-4960,Internal Parts,NULL,Metal Plate 3,NULL,NA,
161,MS-0253,Internal Parts,NULL,Metal Sheet 2,NULL,NA,
162,MS-1256,Internal Parts,NULL,Metal Sheet 3,NULL,NA,
163,MS-1981,Internal Parts,NULL,Metal Sheet 7,NULL,NA,
164,MS-2259,Internal Parts,NULL,Metal Sheet 4,NULL,NA,
165,MS-2341,Internal Parts,NULL,Metal Sheet 5,NULL,NA,
166,MS-2348,Internal Parts,NULL,Metal Sheet 6,NULL,NA,
167,MS-6061,Internal Parts,NULL,Metal Sheet 1,NULL,NA,
168,MT-1000,Internal Parts,NULL,Metal Tread Plate,NULL,NA,
169,NI-4127,Internal Parts,NULL,LL Nipple,NULL,NA,
170,NI-9522,Internal Parts,NULL,HL Nipple,NULL,NA,
171,PA-187B,Internal Parts,NULL,Paint - Black,NULL,NA,
172,PA-361R,Internal Parts,NULL,Paint - Red,NULL,NA,
173,PA-529S,Internal Parts,NULL,Paint - Silver,NULL,NA,
174,PA-632U,Internal Parts,NULL,Paint - Blue,NULL,NA,
175,PA-823Y,Internal Parts,NULL,Paint - Yellow,NULL,NA,
176,PB-6109,Internal Parts,NULL,Pinch Bolt,NULL,NA,
177,RA-2345,Internal Parts,NULL,Cup-Shaped Race,NULL,NA,
178,RA-7490,Internal Parts,NULL,Cone-Shaped Race,NULL,NA,
179,RF-9198,Internal Parts,NULL,Reflector,NULL,NA,
180,RM-M464,Internal Parts,NULL,LL Mountain Rim,NULL,NA,
181,RM-M692,Internal Parts,NULL,ML Mountain Rim,NULL,NA,
182,RM-M823,Internal Parts,NULL,HL Mountain Rim,NULL,NA,
183,RM-R436,Internal Parts,NULL,LL Road Rim,NULL,NA,
184,RM-R600,Internal Parts,NULL,ML Road Rim,NULL,NA,
185,RM-R800,Internal Parts,NULL,HL Road Rim,NULL,NA,
186,RM-T801,Internal Parts,NULL,Touring Rim,NULL,NA,
187,SA-M198,Internal Parts,NULL,LL Mountain Seat Assembly,NULL,NA,
188,SA-M237,Internal Parts,NULL,ML Mountain Seat Assembly,NULL,NA,
189,SA-M687,Internal Parts,NULL,HL Mountain Seat Assembly,NULL,NA,
190,SA-R127,Internal Parts,NULL,LL Road Seat Assembly,NULL,NA,
191,SA-R430,Internal Parts,NULL,ML Road Seat Assembly,NULL,NA,
192,SA-R522,Internal Parts,NULL,HL Road Seat Assembly,NULL,NA,
193,SA-T467,Internal Parts,NULL,LL Touring Seat Assembly,NULL,NA,
194,SA-T612,Internal Parts,NULL,ML Touring Seat Assembly,NULL,NA,
195,SA-T872,Internal Parts,NULL,HL Touring Seat Assembly,NULL,NA,
196,SD-2342,Internal Parts,NULL,LL Spindle/Axle,NULL,NA,
197,SD-9872,Internal Parts,NULL,HL Spindle/Axle,NULL,NA,
198,SH-4562,Internal Parts,NULL,LL Shell,NULL,NA,
199,SH-9312,Internal Parts,NULL,HL Shell,NULL,NA,
200,SK-9283,Internal Parts,NULL,Spokes,NULL,NA,
201,SL-0931,Internal Parts,NULL,Seat Lug,NULL,NA,
202,SM-9087,Internal Parts,NULL,Stem,NULL,NA,
203,SP-2981,Internal Parts,NULL,Seat Post,NULL,NA,
204,SR-2098,Internal Parts,NULL,Steerer,NULL,NA,
205,SS-2985,Internal Parts,NULL,Seat Stays,NULL,NA,
206,ST-9828,Internal Parts,NULL,Seat Tube,NULL,NA,
207,TO-2301,Internal Parts,NULL,Top Tube,NULL,NA,
208,TP-0923,Internal Parts,NULL,Tension Pulley,NULL,NA,
209,RC-0291,Internal Parts,NULL,Rear Derailleur Cage,NULL,Silver,
210,FR-R92B-58,Road Frames,CM ,"HL Road Frame - Black, 58",NULL,Black,
210,FR-R92B-58,Road Frames,CM ,"HL Road Frame - Black, 58",NULL,Black,
210,FR-R92B-58,Road Frames,CM ,"HL Road Frame - Black, 58",NULL,Black,
210,FR-R92B-58,Road Frames,CM ,"HL Road Frame - Black, 58",NULL,Black,
211,FR-R92R-58,Road Frames,CM ,"HL Road Frame - Red, 58",NULL,Red,
212,HL-U509-R,Helmets,NULL,"Sport-100 Helmet, Red",12.0278,Red,
213,HL-U509-R,Helmets,NULL,"Sport-100 Helmet, Red",13.8782,Red,
214,HL-U509-R,Helmets,NULL,"Sport-100 Helmet, Red",13.0863,Red,
215,HL-U509,Helmets,NULL,"Sport-100 Helmet, Black",12.0278,Black,
216,HL-U509,Helmets,NULL,"Sport-100 Helmet, Black",13.8782,Black,
217,HL-U509,Helmets,NULL,"Sport-100 Helmet, Black",13.0863,Black,
218,SO-B909-M,Socks,NULL,"Mountain Bike Socks, M",3.3963,White,
219,SO-B909-L,Socks,NULL,"Mountain Bike Socks, L",3.3963,White,
220,HL-U509-B,Helmets,NULL,"Sport-100 Helmet, Blue",12.0278,Blue,
221,HL-U509-B,Helmets,NULL,"Sport-100 Helmet, Blue",13.8782,Blue,
222,HL-U509-B,Helmets,NULL,"Sport-100 Helmet, Blue",13.0863,Blue,
223,CA-1098,Caps,NULL,AWC Logo Cap,5.7052,Multi,
224,CA-1098,Caps,NULL,AWC Logo Cap,5.2297,Multi,
225,CA-1098,Caps,NULL,AWC Logo Cap,6.9223,Multi,
226,LJ-0192-S,Jerseys,NULL,"Long-Sleeve Logo Jersey, S",31.7244,Multi,
227,LJ-0192-S,Jerseys,NULL,"Long-Sleeve Logo Jersey, S",29.0807,Multi,
228,LJ-0192-S,Jerseys,NULL,"Long-Sleeve Logo Jersey, S",38.4923,Multi,
229,LJ-0192-M,Jerseys,NULL,"Long-Sleeve Logo Jersey, M",31.7244,Multi,
230,LJ-0192-M,Jerseys,NULL,"Long-Sleeve Logo Jersey, M",29.0807,Multi,
231,LJ-0192-M,Jerseys,NULL,"Long-Sleeve Logo Jersey, M",38.4923,Multi,
232,LJ-0192-L,Jerseys,NULL,"Long-Sleeve Logo Jersey, L",31.7244,Multi,
233,LJ-0192-L,Jerseys,NULL,"Long-Sleeve Logo Jersey, L",29.0807,Multi,
234,LJ-0192-L,Jerseys,NULL,"Long-Sleeve Logo Jersey, L",38.4923,Multi,
235,LJ-0192-X,Jerseys,NULL,"Long-Sleeve Logo Jersey, XL",31.7244,Multi,
236,LJ-0192-X,Jerseys,NULL,"Long-Sleeve Logo Jersey, XL",29.0807,Multi,
237,LJ-0192-X,Jerseys,NULL,"Long-Sleeve Logo Jersey, XL",38.4923,Multi,
238,FR-R92R-62,Road Frames,CM ,"HL Road Frame - Red, 62",747.9682,Red,
239,FR-R92R-62,Road Frames,CM ,"HL Road Frame - Red, 62",722.2568,Red,
240,FR-R92R-62,Road Frames,CM ,"HL Road Frame - Red, 62",868.6342,Red,
241,FR-R92R-44,Road Frames,CM ,"HL Road Frame - Red, 44",747.9682,Red,
242,FR-R92R-44,Road Frames,CM ,"HL Road Frame - Red, 44",722.2568,Red,
243,FR-R92R-44,Road Frames,CM ,"HL Road Frame - Red, 44",868.6342,Red,
244,FR-R92R-48,Road Frames,CM ,"HL Road Frame - Red, 48",747.9682,Red,
245,FR-R92R-48,Road Frames,CM ,"HL Road Frame - Red, 48",722.2568,Red,
246,FR-R92R-48,Road Frames,CM ,"HL Road Frame - Red, 48",868.6342,Red,
247,FR-R92R-52,Road Frames,CM ,"HL Road Frame - Red, 52",747.9682,Red,
248,FR-R92R-52,Road Frames,CM ,"HL Road Frame - Red, 52",722.2568,Red,
249,FR-R92R-52,Road Frames,CM ,"HL Road Frame - Red, 52",868.6342,Red,
250,FR-R92R-56,Road Frames,CM ,"HL Road Frame - Red, 56",747.9682,Red,
251,FR-R92R-56,Road Frames,CM ,"HL Road Frame - Red, 56",722.2568,Red,
252,FR-R92R-56,Road Frames,CM ,"HL Road Frame - Red, 56",868.6342,Red,
253,FR-R38B-58,Road Frames,CM ,"LL Road Frame - Black, 58",176.1997,Black,
254,FR-R38B-58,Road Frames,CM ,"LL Road Frame - Black, 58",170.1428,Black,
255,FR-R38B-58,Road Frames,CM ,"LL Road Frame - Black, 58",204.6251,Black,
256,FR-R38B-60,Road Frames,CM ,"LL Road Frame - Black, 60",176.1997,Black,
257,FR-R38B-60,Road Frames,CM ,"LL Road Frame - Black, 60",170.1428,Black,
258,FR-R38B-60,Road Frames,CM ,"LL Road Frame - Black, 60",204.6251,Black,
259,FR-R38B-62,Road Frames,CM ,"LL Road Frame - Black, 62",176.1997,Black,
260,FR-R38B-62,Road Frames,CM ,"LL Road Frame - Black, 62",170.1428,Black,
261,FR-R38B-62,Road Frames,CM ,"LL Road Frame - Black, 62",204.6251,Black,
262,FR-R38R-44,Road Frames,CM ,"LL Road Frame - Red, 44",181.4857,Red,
263,FR-R38R-44,Road Frames,CM ,"LL Road Frame - Red, 44",187.1571,Red,
264,FR-R38R-48,Road Frames,CM ,"LL Road Frame - Red, 48",181.4857,Red,
265,FR-R38R-48,Road Frames,CM ,"LL Road Frame - Red, 48",187.1571,Red,
266,FR-R38R-52,Road Frames,CM ,"LL Road Frame - Red, 52",181.4857,Red,
267,FR-R38R-52,Road Frames,CM ,"LL Road Frame - Red, 52",187.1571,Red,
268,FR-R38R-58,Road Frames,CM ,"LL Road Frame - Red, 58",181.4857,Red,
269,FR-R38R-58,Road Frames,CM ,"LL Road Frame - Red, 58",187.1571,Red,
270,FR-R38R-60,Road Frames,CM ,"LL Road Frame - Red, 60",181.4857,Red,
271,FR-R38R-60,Road Frames,CM ,"LL Road Frame - Red, 60",187.1571,Red,
272,FR-R38R-62,Road Frames,CM ,"LL Road Frame - Red, 62",181.4857,Red,
273,FR-R38R-62,Road Frames,CM ,"LL Road Frame - Red, 62",187.1571,Red,
274,FR-R72R-44,Road Frames,CM ,"ML Road Frame - Red, 44",352.1394,Red,
275,FR-R72R-48,Road Frames,CM ,"ML Road Frame - Red, 48",352.1394,Red,
276,FR-R72R-52,Road Frames,CM ,"ML Road Frame - Red, 52",352.1394,Red,
277,FR-R72R-58,Road Frames,CM ,"ML Road Frame - Red, 58",352.1394,Red,
278,FR-R72R-60,Road Frames,CM ,"ML Road Frame - Red, 60",352.1394,Red,
279,FR-R38B-44,Road Frames,CM ,"LL Road Frame - Black, 44",176.1997,Black,
280,FR-R38B-44,Road Frames,CM ,"LL Road Frame - Black, 44",170.1428,Black,
281,FR-R38B-44,Road Frames,CM ,"LL Road Frame - Black, 44",204.6251,Black,
282,FR-R38B-48,Road Frames,CM ,"LL Road Frame - Black, 48",176.1997,Black,
283,FR-R38B-48,Road Frames,CM ,"LL Road Frame - Black, 48",170.1428,Black,
284,FR-R38B-48,Road Frames,CM ,"LL Road Frame - Black, 48",204.6251,Black,
285,FR-R38B-52,Road Frames,CM ,"LL Road Frame - Black, 52",176.1997,Black,
286,FR-R38B-52,Road Frames,CM ,"LL Road Frame - Black, 52",170.1428,Black,
287,FR-R38B-52,Road Frames,CM ,"LL Road Frame - Black, 52",204.6251,Black,
288,FR-M94S-42,Mountain Frames,CM ,"HL Mountain Frame - Silver, 42",623.8403,Silver,
289,FR-M94S-42,Mountain Frames,CM ,"HL Mountain Frame - Silver, 42",660.9142,Silver,
290,FR-M94S-42,Mountain Frames,CM ,"HL Mountain Frame - Silver, 42",747.2002,Silver,
291,FR-M94S-44,Mountain Frames,CM ,"HL Mountain Frame - Silver, 44",706.811,Silver,
292,FR-M94S-52,Mountain Frames,CM ,"HL Mountain Frame - Silver, 48",706.811,Silver,
293,FR-M94S-46,Mountain Frames,CM ,"HL Mountain Frame - Silver, 46",623.8403,Silver,
294,FR-M94S-46,Mountain Frames,CM ,"HL Mountain Frame - Silver, 46",660.9142,Silver,
295,FR-M94S-46,Mountain Frames,CM ,"HL Mountain Frame - Silver, 46",747.2002,Silver,
296,FR-M94B-42,Mountain Frames,CM ,"HL Mountain Frame - Black, 42",617.0281,Black,
297,FR-M94B-42,Mountain Frames,CM ,"HL Mountain Frame - Black, 42",653.6971,Black,
298,FR-M94B-42,Mountain Frames,CM ,"HL Mountain Frame - Black, 42",739.041,Black,
299,FR-M94B-44,Mountain Frames,CM ,"HL Mountain Frame - Black, 44",699.0928,Black,
300,FR-M94B-48,Mountain Frames,CM ,"HL Mountain Frame - Black, 48",699.0928,Black,
301,FR-M94B-46,Mountain Frames,CM ,"HL Mountain Frame - Black, 46",617.0281,Black,
302,FR-M94B-46,Mountain Frames,CM ,"HL Mountain Frame - Black, 46",653.6971,Black,
303,FR-M94B-46,Mountain Frames,CM ,"HL Mountain Frame - Black, 46",739.041,Black,
304,FR-M94B-38,Mountain Frames,CM ,"HL Mountain Frame - Black, 38",617.0281,Black,
305,FR-M94B-38,Mountain Frames,CM ,"HL Mountain Frame - Black, 38",653.6971,Black,
306,FR-M94B-38,Mountain Frames,CM ,"HL Mountain Frame - Black, 38",739.041,Black,
307,FR-M94S-38,Mountain Frames,CM ,"HL Mountain Frame - Silver, 38",623.8403,Silver,
308,FR-M94S-38,Mountain Frames,CM ,"HL Mountain Frame - Silver, 38",660.9142,Silver,
309,FR-M94S-38,Mountain Frames,CM ,"HL Mountain Frame - Silver, 38",747.2002,Silver,
310,BK-R93R-62,Road Bikes,CM ,"Road-150 Red, 62",2171.2942,Red,
311,BK-R93R-44,Road Bikes,CM ,"Road-150 Red, 44",2171.2942,Red,
312,BK-R93R-48,Road Bikes,CM ,"Road-150 Red, 48",2171.2942,Red,
313,BK-R93R-52,Road Bikes,CM ,"Road-150 Red, 52",2171.2942,Red,
314,BK-R93R-56,Road Bikes,CM ,"Road-150 Red, 56",2171.2942,Red,
315,BK-R68R-58,Road Bikes,CM ,"Road-450 Red, 58",884.7083,Red,
316,BK-R68R-60,Road Bikes,CM ,"Road-450 Red, 60",884.7083,Red,
317,BK-R68R-44,Road Bikes,CM ,"Road-450 Red, 44",884.7083,Red,
318,BK-R68R-48,Road Bikes,CM ,"Road-450 Red, 48",884.7083,Red,
319,BK-R68R-52,Road Bikes,CM ,"Road-450 Red, 52",884.7083,Red,
320,BK-R50R-58,Road Bikes,CM ,"Road-650 Red, 58",413.1463,Red,
321,BK-R50R-58,Road Bikes,CM ,"Road-650 Red, 58",486.7066,Red,
322,BK-R50R-60,Road Bikes,CM ,"Road-650 Red, 60",413.1463,Red,
323,BK-R50R-60,Road Bikes,CM ,"Road-650 Red, 60",486.7066,Red,
324,BK-R50R-62,Road Bikes,CM ,"Road-650 Red, 62",413.1463,Red,
325,BK-R50R-62,Road Bikes,CM ,"Road-650 Red, 62",486.7066,Red,
326,BK-R50R-44,Road Bikes,CM ,"Road-650 Red, 44",413.1463,Red,
327,BK-R50R-44,Road Bikes,CM ,"Road-650 Red, 44",486.7066,Red,
328,BK-R50R-48,Road Bikes,CM ,"Road-650 Red, 48",413.1463,Red,
329,BK-R50R-48,Road Bikes,CM ,"Road-650 Red, 48",486.7066,Red,
330,BK-R50R-52,Road Bikes,CM ,"Road-650 Red, 52",413.1463,Red,
331,BK-R50R-52,Road Bikes,CM ,"Road-650 Red, 52",486.7066,Red,
332,BK-R50B-58,Road Bikes,CM ,"Road-650 Black, 58",413.1463,Black,
333,BK-R50B-58,Road Bikes,CM ,"Road-650 Black, 58",486.7066,Black,
334,BK-R50B-60,Road Bikes,CM ,"Road-650 Black, 60",413.1463,Black,
335,BK-R50B-60,Road Bikes,CM ,"Road-650 Black, 60",486.7066,Black,
336,BK-R50B-62,Road Bikes,CM ,"Road-650 Black, 62",413.1463,Black,
337,BK-R50B-62,Road Bikes,CM ,"Road-650 Black, 62",486.7066,Black,
338,BK-R50B-44,Road Bikes,CM ,"Road-650 Black, 44",413.1463,Black,
339,BK-R50B-44,Road Bikes,CM ,"Road-650 Black, 44",486.7066,Black,
340,BK-R50B-48,Road Bikes,CM ,"Road-650 Black, 48",413.1463,Black,
341,BK-R50B-48,Road Bikes,CM ,"Road-650 Black, 48",486.7066,Black,
342,BK-R50B-52,Road Bikes,CM ,"Road-650 Black, 52",413.1463,Black,
343,BK-R50B-52,Road Bikes,CM ,"Road-650 Black, 52",486.7066,Black,
344,BK-M82S-38,Mountain Bikes,CM ,"Mountain-100 Silver, 38",1912.1544,Silver,
345,BK-M82S-42,Mountain Bikes,CM ,"Mountain-100 Silver, 42",1912.1544,Silver,
346,BK-M82S-44,Mountain Bikes,CM ,"Mountain-100 Silver, 44",1912.1544,Silver,
347,BK-M82S-48,Mountain Bikes,CM ,"Mountain-100 Silver, 48",1912.1544,Silver,
348,BK-M82B-38,Mountain Bikes,CM ,"Mountain-100 Black, 38",1898.0944,Black,
349,BK-M82B-42,Mountain Bikes,CM ,"Mountain-100 Black, 42",1898.0944,Black,
350,BK-M82B-44,Mountain Bikes,CM ,"Mountain-100 Black, 44",1898.0944,Black,
351,BK-M82B-48,Mountain Bikes,CM ,"Mountain-100 Black, 48",1898.0944,Black,
352,BK-M68S-38,Mountain Bikes,CM ,"Mountain-200 Silver, 38",1117.8559,Silver,
353,BK-M68S-38,Mountain Bikes,CM ,"Mountain-200 Silver, 38",1265.6195,Silver,
354,BK-M68S-42,Mountain Bikes,CM ,"Mountain-200 Silver, 42",1117.8559,Silver,
355,BK-M68S-42,Mountain Bikes,CM ,"Mountain-200 Silver, 42",1265.6195,Silver,
356,BK-M68S-46,Mountain Bikes,CM ,"Mountain-200 Silver, 46",1117.8559,Silver,
357,BK-M68S-46,Mountain Bikes,CM ,"Mountain-200 Silver, 46",1265.6195,Silver,
358,BK-M68B-38,Mountain Bikes,CM ,"Mountain-200 Black, 38",1105.81,Black,
359,BK-M68B-38,Mountain Bikes,CM ,"Mountain-200 Black, 38",1251.9813,Black,
360,BK-M68B-42,Mountain Bikes,CM ,"Mountain-200 Black, 42",1105.81,Black,
361,BK-M68B-42,Mountain Bikes,CM ,"Mountain-200 Black, 42",1251.9813,Black,
362,BK-M68B-46,Mountain Bikes,CM ,"Mountain-200 Black, 46",1105.81,Black,
363,BK-M68B-46,Mountain Bikes,CM ,"Mountain-200 Black, 46",1251.9813,Black,
364,BK-M47B-38,Mountain Bikes,CM ,"Mountain-300 Black, 38",598.4354,Black,
365,BK-M47B-40,Mountain Bikes,CM ,"Mountain-300 Black, 40",598.4354,Black,
366,BK-M47B-44,Mountain Bikes,CM ,"Mountain-300 Black, 44",598.4354,Black,
367,BK-M47B-48,Mountain Bikes,CM ,"Mountain-300 Black, 48",598.4354,Black,
368,BK-R89R-44,Road Bikes,CM ,"Road-250 Red, 44",1518.7864,Red,
369,BK-R89R-48,Road Bikes,CM ,"Road-250 Red, 48",1518.7864,Red,
370,BK-R89R-52,Road Bikes,CM ,"Road-250 Red, 52",1518.7864,Red,
371,BK-R89R-58,Road Bikes,CM ,"Road-250 Red, 58",1320.6838,Red,
372,BK-R89R-58,Road Bikes,CM ,"Road-250 Red, 58",1554.9479,Red,
373,BK-R89B-44,Road Bikes,CM ,"Road-250 Black, 44",1320.6838,Black,
374,BK-R89B-44,Road Bikes,CM ,"Road-250 Black, 44",1554.9479,Black,
375,BK-R89B-48,Road Bikes,CM ,"Road-250 Black, 48",1320.6838,Black,
376,BK-R89B-48,Road Bikes,CM ,"Road-250 Black, 48",1554.9479,Black,
377,BK-R89B-52,Road Bikes,CM ,"Road-250 Black, 52",1320.6838,Black,
378,BK-R89B-52,Road Bikes,CM ,"Road-250 Black, 52",1554.9479,Black,
379,BK-R89B-58,Road Bikes,CM ,"Road-250 Black, 58",1320.6838,Black,
380,BK-R89B-58,Road Bikes,CM ,"Road-250 Black, 58",1554.9479,Black,
381,BK-R64Y-38,Road Bikes,CM ,"Road-550-W Yellow, 38",605.6492,Yellow,
382,BK-R64Y-38,Road Bikes,CM ,"Road-550-W Yellow, 38",713.0798,Yellow,
383,BK-R64Y-40,Road Bikes,CM ,"Road-550-W Yellow, 40",605.6492,Yellow,
384,BK-R64Y-40,Road Bikes,CM ,"Road-550-W Yellow, 40",713.0798,Yellow,
385,BK-R64Y-42,Road Bikes,CM ,"Road-550-W Yellow, 42",605.6492,Yellow,
386,BK-R64Y-42,Road Bikes,CM ,"Road-550-W Yellow, 42",713.0798,Yellow,
387,BK-R64Y-44,Road Bikes,CM ,"Road-550-W Yellow, 44",605.6492,Yellow,
388,BK-R64Y-44,Road Bikes,CM ,"Road-550-W Yellow, 44",713.0798,Yellow,
389,BK-R64Y-48,Road Bikes,CM ,"Road-550-W Yellow, 48",605.6492,Yellow,
390,BK-R64Y-48,Road Bikes,CM ,"Road-550-W Yellow, 48",713.0798,Yellow,
391,FK-1639,Forks,NULL,LL Fork,65.8097,NA,
392,FK-5136,Forks,NULL,ML Fork,77.9176,NA,
393,FK-9939,Forks,NULL,HL Fork,101.8936,NA,
394,HS-0296,Headsets,NULL,LL Headset,15.1848,NA,
395,HS-2451,Headsets,NULL,ML Headset,45.4168,NA,
396,HS-3479,Headsets,NULL,HL Headset,55.3801,NA,
397,HB-M243,Handlebars,NULL,LL Mountain Handlebars,17.978,NA,
398,HB-M243,Handlebars,NULL,LL Mountain Handlebars,19.7758,NA,
399,HB-M763,Handlebars,NULL,ML Mountain Handlebars,24.9932,NA,
400,HB-M763,Handlebars,NULL,ML Mountain Handlebars,27.4925,NA,
401,HB-M918,Handlebars,NULL,HL Mountain Handlebars,48.5453,NA,
402,HB-M918,Handlebars,NULL,HL Mountain Handlebars,53.3999,NA,
403,HB-R504,Handlebars,NULL,LL Road Handlebars,17.978,NA,
404,HB-R504,Handlebars,NULL,LL Road Handlebars,19.7758,NA,
405,HB-R720,Handlebars,NULL,ML Road Handlebars,24.9932,NA,
406,HB-R720,Handlebars,NULL,ML Road Handlebars,27.4925,NA,
407,HB-R956,Handlebars,NULL,HL Road Handlebars,48.5453,NA,
408,HB-R956,Handlebars,NULL,HL Road Handlebars,53.3999,NA,
409,FR-M63B-38,Mountain Frames,CM ,"ML Mountain Frame - Black, 38",185.8193,Black,
410,FW-M423,Wheels,NULL,LL Mountain Front Wheel,26.9708,Black,
411,FW-M762,Wheels,NULL,ML Mountain Front Wheel,92.8071,Black,
412,FW-M928,Wheels,NULL,HL Mountain Front Wheel,133.2955,Black,
413,FW-R623,Wheels,NULL,LL Road Front Wheel,37.9909,Black,
414,FW-R762,Wheels,NULL,ML Road Front Wheel,110.2829,Black,
415,FW-R820,Wheels,NULL,HL Road Front Wheel,146.5466,Black,
416,FW-T905,Wheels,NULL,Touring Front Wheel,96.7964,Black,
417,FR-R72Y-38,Road Frames,CM ,"ML Road Frame-W - Yellow, 38",300.1188,Yellow,
418,FR-R72Y-38,Road Frames,CM ,"ML Road Frame-W - Yellow, 38",360.9428,Yellow,
419,RW-M423,Wheels,NULL,LL Mountain Rear Wheel,38.9588,Black,
420,RW-M762,Wheels,NULL,ML Mountain Rear Wheel,104.7951,Black,
421,RW-M928,Wheels,NULL,HL Mountain Rear Wheel,145.2835,Black,
422,RW-R623,Wheels,NULL,LL Road Rear Wheel,49.9789,Black,
423,RW-R762,Wheels,NULL,ML Road Rear Wheel,122.2709,Black,
424,RW-R820,Wheels,NULL,HL Road Rear Wheel,158.5346,Black,
425,RW-T905,Wheels,NULL,Touring Rear Wheel,108.7844,Black,
426,FR-M63B-40,Mountain Frames,CM ,"ML Mountain Frame - Black, 40",185.8193,Black,
427,FR-M63B-44,Mountain Frames,CM ,"ML Mountain Frame - Black, 44",185.8193,Black,
428,FR-M63B-48,Mountain Frames,CM ,"ML Mountain Frame - Black, 48",185.8193,Black,
429,FR-R72Y-40,Road Frames,CM ,"ML Road Frame-W - Yellow, 40",300.1188,Yellow,
430,FR-R72Y-40,Road Frames,CM ,"ML Road Frame-W - Yellow, 40",360.9428,Yellow,
431,FR-R72Y-42,Road Frames,CM ,"ML Road Frame-W - Yellow, 42",300.1188,Yellow,
432,FR-R72Y-42,Road Frames,CM ,"ML Road Frame-W - Yellow, 42",360.9428,Yellow,
433,FR-R72Y-44,Road Frames,CM ,"ML Road Frame-W - Yellow, 44",300.1188,Yellow,
434,FR-R72Y-44,Road Frames,CM ,"ML Road Frame-W - Yellow, 44",360.9428,Yellow,
435,FR-R72Y-48,Road Frames,CM ,"ML Road Frame-W - Yellow, 48",300.1188,Yellow,
436,FR-R72Y-48,Road Frames,CM ,"ML Road Frame-W - Yellow, 48",360.9428,Yellow,
437,FR-R92B-62,Road Frames,CM ,"HL Road Frame - Black, 62",722.2568,Black,
438,FR-R92B-62,Road Frames,CM ,"HL Road Frame - Black, 62",868.6342,Black,
439,FR-R92B-44,Road Frames,CM ,"HL Road Frame - Black, 44",722.2568,Black,
440,FR-R92B-44,Road Frames,CM ,"HL Road Frame - Black, 44",868.6342,Black,
441,FR-R92B-48,Road Frames,CM ,"HL Road Frame - Black, 48",722.2568,Black,
442,FR-R92B-48,Road Frames,CM ,"HL Road Frame - Black, 48",868.6342,Black,
443,FR-R92B-52,Road Frames,CM ,"HL Road Frame - Black, 52",722.2568,Black,
444,FR-R92B-52,Road Frames,CM ,"HL Road Frame - Black, 52",868.6342,Black,
445,SH-M897-S,Shorts,NULL,"Men's Sports Shorts, S",24.7459,Black,
446,PA-T100,Panniers,NULL,"Touring-Panniers, Large",51.5625,Grey,
447,LO-C100,Locks,NULL,Cable Lock,10.3125,NA,
448,PU-0452,Pumps,NULL,Minipump,8.2459,NA,
449,PU-M044,Pumps,NULL,Mountain Pump,10.3084,NA,
450,LT-T990,Lights,NULL,Taillights - Battery-Powered,5.7709,NA,
451,LT-H902,Lights,NULL,Headlights - Dual-Beam,14.4334,NA,
452,LT-H903,Lights,NULL,Headlights - Weatherproof,18.5584,NA,
453,SH-M897-M,Shorts,NULL,"Men's Sports Shorts, M",24.7459,Black,
454,SH-M897-L,Shorts,NULL,"Men's Sports Shorts, L",24.7459,Black,
455,SH-M897-X,Shorts,NULL,"Men's Sports Shorts, XL",24.7459,Black,
456,TG-W091-S,Tights,NULL,"Women's Tights, S",30.9334,Black,
457,TG-W091-M,Tights,NULL,"Women's Tights, M",30.9334,Black,
458,TG-W091-L,Tights,NULL,"Women's Tights, L",30.9334,Black,
459,SB-M891-S,Bib-Shorts,NULL,"Men's Bib-Shorts, S",37.1209,Multi,
460,SB-M891-M,Bib-Shorts,NULL,"Men's Bib-Shorts, M",37.1209,Multi,
461,SB-M891-L,Bib-Shorts,NULL,"Men's Bib-Shorts, L",37.1209,Multi,
462,GL-H102-S,Gloves,NULL,"Half-Finger Gloves, S",9.7136,Black,
463,GL-H102-S,Gloves,NULL,"Half-Finger Gloves, S",9.1593,Black,
464,GL-H102-M,Gloves,NULL,"Half-Finger Gloves, M",9.7136,Black,
465,GL-H102-M,Gloves,NULL,"Half-Finger Gloves, M",9.1593,Black,
466,GL-H102-L,Gloves,NULL,"Half-Finger Gloves, L",9.7136,Black,
467,GL-H102-L,Gloves,NULL,"Half-Finger Gloves, L",9.1593,Black,
468,GL-F110-S,Gloves,NULL,"Full-Finger Gloves, S",15.6709,Black,
469,GL-F110-M,Gloves,NULL,"Full-Finger Gloves, M",15.6709,Black,
470,GL-F110-L,Gloves,NULL,"Full-Finger Gloves, L",15.6709,Black,
471,VE-C304-S,Vests,NULL,"Classic Vest, S",23.749,Blue,
472,VE-C304-M,Vests,NULL,"Classic Vest, M",23.749,Blue,
473,VE-C304-L,Vests,NULL,"Classic Vest, L",23.749,Blue,
474,SH-W890-S,Shorts,NULL,"Women's Mountain Shorts, S",26.1763,Black,
475,SH-W890-M,Shorts,NULL,"Women's Mountain Shorts, M",26.1763,Black,
476,SH-W890-L,Shorts,NULL,"Women's Mountain Shorts, L",26.1763,Black,
477,WB-H098,Bottles and Cages,NULL,Water Bottle - 30 oz.,1.8663,NA,
478,BC-M005,Bottles and Cages,NULL,Mountain Bottle Cage,3.7363,NA,
479,BC-R205,Bottles and Cages,NULL,Road Bottle Cage,3.3623,NA,
480,PK-7098,Tires and Tubes,NULL,Patch Kit/8 Patches,0.8565,NA,
481,SO-R809-M,Socks,NULL,"Racing Socks, M",3.3623,White,
482,SO-R809-L,Socks,NULL,"Racing Socks, L",3.3623,White,
483,RA-H123,Bike Racks,NULL,Hitch Rack - 4-Bike,44.88,NA,
484,CL-9009,Cleaners,NULL,Bike Wash - Dissolver,2.9733,NA,
485,FE-6654,Fenders,NULL,Fender Set - Mountain,8.2205,NA,
486,ST-1401,Bike Stands,NULL,All-Purpose Bike Stand,59.466,NA,
487,HY-1023-70,Hydration Packs,NULL,Hydration Pack - 70 oz.,20.5663,Silver,
488,SJ-0194-S,Jerseys,NULL,"Short-Sleeve Classic Jersey, S",41.5723,Yellow,
489,SJ-0194-M,Jerseys,NULL,"Short-Sleeve Classic Jersey, M",41.5723,Yellow,
490,SJ-0194-L,Jerseys,NULL,"Short-Sleeve Classic Jersey, L",41.5723,Yellow,
491,SJ-0194-X,Jerseys,NULL,"Short-Sleeve Classic Jersey, XL",41.5723,Yellow,
492,FR-T98Y-60,Touring Frames,CM ,"HL Touring Frame - Yellow, 60",601.7437,Yellow,
493,FR-T67Y-62,Touring Frames,CM ,"LL Touring Frame - Yellow, 62",199.8519,Yellow,
494,FR-T98Y-46,Touring Frames,CM ,"HL Touring Frame - Yellow, 46",601.7437,Yellow,
495,FR-T98Y-50,Touring Frames,CM ,"HL Touring Frame - Yellow, 50",601.7437,Yellow,
496,FR-T98Y-54,Touring Frames,CM ,"HL Touring Frame - Yellow, 54",601.7437,Yellow,
497,FR-T98U-46,Touring Frames,CM ,"HL Touring Frame - Blue, 46",601.7437,Blue,
498,FR-T98U-50,Touring Frames,CM ,"HL Touring Frame - Blue, 50",601.7437,Blue,
499,FR-T98U-54,Touring Frames,CM ,"HL Touring Frame - Blue, 54",601.7437,Blue,
500,FR-T98U-60,Touring Frames,CM ,"HL Touring Frame - Blue, 60",601.7437,Blue,
501,RD-2308,Derailleurs,NULL,Rear Derailleur,53.9282,Silver,
502,FR-T67U-50,Touring Frames,CM ,"LL Touring Frame - Blue, 50",199.8519,Blue,
503,FR-T67U-54,Touring Frames,CM ,"LL Touring Frame - Blue, 54",199.8519,Blue,
504,FR-T67U-58,Touring Frames,CM ,"LL Touring Frame - Blue, 58",199.8519,Blue,
505,FR-T67U-62,Touring Frames,CM ,"LL Touring Frame - Blue, 62",199.8519,Blue,
506,FR-T67Y-44,Touring Frames,CM ,"LL Touring Frame - Yellow, 44",199.8519,Yellow,
507,FR-T67Y-50,Touring Frames,CM ,"LL Touring Frame - Yellow, 50",199.8519,Yellow,
508,FR-T67Y-54,Touring Frames,CM ,"LL Touring Frame - Yellow, 54",199.8519,Yellow,
509,FR-T67Y-58,Touring Frames,CM ,"LL Touring Frame - Yellow, 58",199.8519,Yellow,
510,FR-T67U-44,Touring Frames,CM ,"LL Touring Frame - Blue, 44",199.8519,Blue,
511,FR-M63S-40,Mountain Frames,CM ,"ML Mountain Frame-W - Silver, 40",199.3757,Silver,
512,FR-M63S-42,Mountain Frames,CM ,"ML Mountain Frame-W - Silver, 42",199.3757,Silver,
513,FR-M63S-46,Mountain Frames,CM ,"ML Mountain Frame-W - Silver, 46",199.3757,Silver,
514,RB-9231,Brakes,NULL,Rear Brakes,47.286,Silver,
515,SE-M236,Saddles,NULL,LL Mountain Seat/Saddle,12.0413,NA,
516,SE-M798,Saddles,NULL,ML Mountain Seat/Saddle,17.3782,NA,
517,SE-M940,Saddles,NULL,HL Mountain Seat/Saddle,23.3722,NA,
518,SE-R581,Saddles,NULL,LL Road Seat/Saddle,12.0413,NA,
519,SE-R908,Saddles,NULL,ML Road Seat/Saddle,17.3782,NA,
520,SE-R995,Saddles,NULL,HL Road Seat/Saddle,23.3722,NA,
521,SE-T312,Saddles,NULL,LL Touring Seat/Saddle,12.0413,NA,
522,SE-T762,Saddles,NULL,ML Touring Seat/Saddle,17.3782,NA,
523,SE-T924,Saddles,NULL,HL Touring Seat/Saddle,23.3722,NA,
524,FR-M21S-42,Mountain Frames,CM ,"LL Mountain Frame - Silver, 42",144.5938,Silver,
525,FR-M21S-44,Mountain Frames,CM ,"LL Mountain Frame - Silver, 44",144.5938,Silver,
526,FR-M21S-48,Mountain Frames,CM ,"LL Mountain Frame - Silver, 48",144.5938,Silver,
527,FR-M21S-52,Mountain Frames,CM ,"LL Mountain Frame - Silver, 52",144.5938,Silver,
528,TT-M928,Tires and Tubes,NULL,Mountain Tire Tube,1.8663,NA,
529,TT-R982,Tires and Tubes,NULL,Road Tire Tube,1.4923,NA,
530,TT-T092,Tires and Tubes,NULL,Touring Tire Tube,1.8663,NA,
531,FR-M21B-42,Mountain Frames,CM ,"LL Mountain Frame - Black, 42",136.785,Black,
532,FR-M21B-44,Mountain Frames,CM ,"LL Mountain Frame - Black, 44",136.785,Black,
533,FR-M21B-48,Mountain Frames,CM ,"LL Mountain Frame - Black, 48",136.785,Black,
534,FR-M21B-52,Mountain Frames,CM ,"LL Mountain Frame - Black, 52",136.785,Black,
535,TI-M267,Tires and Tubes,NULL,LL Mountain Tire,9.3463,NA,
536,TI-M602,Tires and Tubes,NULL,ML Mountain Tire,11.2163,NA,
537,TI-M823,Tires and Tubes,NULL,HL Mountain Tire,13.09,NA,
538,TI-R092,Tires and Tubes,NULL,LL Road Tire,8.0373,NA,
539,TI-R628,Tires and Tubes,NULL,ML Road Tire,9.3463,NA,
540,TI-R982,Tires and Tubes,NULL,HL Road Tire,12.1924,NA,
541,TI-T723,Tires and Tubes,NULL,Touring Tire,10.8423,NA,
542,PD-M282,Pedals,NULL,LL Mountain Pedal,17.9776,Silver/Black,
543,PD-M340,Pedals,NULL,ML Mountain Pedal,27.568,Silver/Black,
544,PD-M562,Pedals,NULL,HL Mountain Pedal,35.9596,Silver/Black,
545,PD-R347,Pedals,NULL,LL Road Pedal,17.9776,Silver/Black,
546,PD-R563,Pedals,NULL,ML Road Pedal,27.568,Silver/Black,
547,PD-R853,Pedals,NULL,HL Road Pedal,35.9596,Silver/Black,
548,PD-T852,Pedals,NULL,Touring Pedal,35.9596,Silver/Black,
549,FR-M63S-38,Mountain Frames,CM ,"ML Mountain Frame-W - Silver, 38",199.3757,Silver,
550,FR-M21B-40,Mountain Frames,CM ,"LL Mountain Frame - Black, 40",136.785,Black,
551,FR-M21S-40,Mountain Frames,CM ,"LL Mountain Frame - Silver, 40",144.5938,Silver,
552,FD-2342,Derailleurs,NULL,Front Derailleur,40.6216,Silver,
553,HB-T721,Handlebars,NULL,LL Touring Handlebars,20.464,NA,
554,HB-T928,Handlebars,NULL,HL Touring Handlebars,40.6571,NA,
555,FB-9873,Brakes,NULL,Front Brakes,47.286,Silver,
556,CS-4759,Cranksets,NULL,LL Crankset,77.9176,Black,
557,CS-6583,Cranksets,NULL,ML Crankset,113.8816,Black,
558,CS-9183,Cranksets,NULL,HL Crankset,179.8156,Black,
559,CH-0234,Chains,NULL,Chain,8.9866,Silver,
560,BK-T44U-60,Touring Bikes,CM ,"Touring-2000 Blue, 60",755.1508,Blue,
561,BK-T79Y-46,Touring Bikes,CM ,"Touring-1000 Yellow, 46",1481.9379,Yellow,
562,BK-T79Y-50,Touring Bikes,CM ,"Touring-1000 Yellow, 50",1481.9379,Yellow,
563,BK-T79Y-54,Touring Bikes,CM ,"Touring-1000 Yellow, 54",1481.9379,Yellow,
564,BK-T79Y-60,Touring Bikes,CM ,"Touring-1000 Yellow, 60",1481.9379,Yellow,
565,BK-T18U-54,Touring Bikes,CM ,"Touring-3000 Blue, 54",461.4448,Blue,
566,BK-T18U-58,Touring Bikes,CM ,"Touring-3000 Blue, 58",461.4448,Blue,
567,BK-T18U-62,Touring Bikes,CM ,"Touring-3000 Blue, 62",461.4448,Blue,
568,BK-T18Y-44,Touring Bikes,CM ,"Touring-3000 Yellow, 44",461.4448,Yellow,
569,BK-T18Y-50,Touring Bikes,CM ,"Touring-3000 Yellow, 50",461.4448,Yellow,
570,BK-T18Y-54,Touring Bikes,CM ,"Touring-3000 Yellow, 54",461.4448,Yellow,
571,BK-T18Y-58,Touring Bikes,CM ,"Touring-3000 Yellow, 58",461.4448,Yellow,
572,BK-T18Y-62,Touring Bikes,CM ,"Touring-3000 Yellow, 62",461.4448,Yellow,
573,BK-T79U-46,Touring Bikes,CM ,"Touring-1000 Blue, 46",1481.9379,Blue,
574,BK-T79U-50,Touring Bikes,CM ,"Touring-1000 Blue, 50",1481.9379,Blue,
575,BK-T79U-54,Touring Bikes,CM ,"Touring-1000 Blue, 54",1481.9379,Blue,
576,BK-T79U-60,Touring Bikes,CM ,"Touring-1000 Blue, 60",1481.9379,Blue,
577,BK-T44U-46,Touring Bikes,CM ,"Touring-2000 Blue, 46",755.1508,Blue,
578,BK-T44U-50,Touring Bikes,CM ,"Touring-2000 Blue, 50",755.1508,Blue,
579,BK-T44U-54,Touring Bikes,CM ,"Touring-2000 Blue, 54",755.1508,Blue,
580,BK-R79Y-40,Road Bikes,CM ,"Road-350-W Yellow, 40",1082.51,Yellow,
581,BK-R79Y-42,Road Bikes,CM ,"Road-350-W Yellow, 42",1082.51,Yellow,
582,BK-R79Y-44,Road Bikes,CM ,"Road-350-W Yellow, 44",1082.51,Yellow,
583,BK-R79Y-48,Road Bikes,CM ,"Road-350-W Yellow, 48",1082.51,Yellow,
584,BK-R19B-58,Road Bikes,CM ,"Road-750 Black, 58",343.6496,Black,
585,BK-T18U-44,Touring Bikes,CM ,"Touring-3000 Blue, 44",461.4448,Blue,
586,BK-T18U-50,Touring Bikes,CM ,"Touring-3000 Blue, 50",461.4448,Blue,
587,BK-M38S-38,Mountain Bikes,CM ,"Mountain-400-W Silver, 38",419.7784,Silver,
588,BK-M38S-40,Mountain Bikes,CM ,"Mountain-400-W Silver, 40",419.7784,Silver,
589,BK-M38S-42,Mountain Bikes,CM ,"Mountain-400-W Silver, 42",419.7784,Silver,
590,BK-M38S-46,Mountain Bikes,CM ,"Mountain-400-W Silver, 46",419.7784,Silver,
591,BK-M18S-40,Mountain Bikes,CM ,"Mountain-500 Silver, 40",308.2179,Silver,
592,BK-M18S-42,Mountain Bikes,CM ,"Mountain-500 Silver, 42",308.2179,Silver,
593,BK-M18S-44,Mountain Bikes,CM ,"Mountain-500 Silver, 44",308.2179,Silver,
594,BK-M18S-48,Mountain Bikes,CM ,"Mountain-500 Silver, 48",308.2179,Silver,
595,BK-M18S-52,Mountain Bikes,CM ,"Mountain-500 Silver, 52",308.2179,Silver,
596,BK-M18B-40,Mountain Bikes,CM ,"Mountain-500 Black, 40",294.5797,Black,
597,BK-M18B-42,Mountain Bikes,CM ,"Mountain-500 Black, 42",294.5797,Black,
598,BK-M18B-44,Mountain Bikes,CM ,"Mountain-500 Black, 44",294.5797,Black,
599,BK-M18B-48,Mountain Bikes,CM ,"Mountain-500 Black, 48",294.5797,Black,
600,BK-M18B-52,Mountain Bikes,CM ,"Mountain-500 Black, 52",294.5797,Black,
601,BB-7421,Bottom Brackets,NULL,LL Bottom Bracket,23.9716,NA,
602,BB-8107,Bottom Brackets,NULL,ML Bottom Bracket,44.9506,NA,
603,BB-9108,Bottom Brackets,NULL,HL Bottom Bracket,53.9416,NA,
604,BK-R19B-44,Road Bikes,CM ,"Road-750 Black, 44",343.6496,Black,
605,BK-R19B-48,Road Bikes,CM ,"Road-750 Black, 48",343.6496,Black,
606,BK-R19B-52,Road Bikes,CM ,"Road-750 Black, 52",343.6496,Black,
